,Unnamed: 0.1,label,tweet,emoji
0,0,1,                     is so sad for my APL friend.............,[]
1,1,1,                   I missed the New Moon trailer...,[]
2,2,0,              omg its already 7:30 :O,[]
3,3,1,          .. Omgaga. Im sooo  im gunna CRy. I've been at this dentist since 11.. I was suposed 2 just get a crown put on (30mins)...,[]
4,4,1,         i think mi bf is cheating on me!!!       T_T,[]
5,5,1,         or i just worry too much?        ,[]
6,6,0,       Juuuuuuuuuuuuuuuuussssst Chillin!!,[]
7,7,1,       Sunny Again        Work Tomorrow  :-|       TV Tonight,[]
8,8,0,      handed in my uniform today . i miss you already,[]
9,9,0,      hmmmm.... i wonder how she my number @-),[]
10,10,1,      I must think about positive..,[]
11,11,0,      thanks to all the haters up in my face all day! 112-102,[]
12,12,1,      this weekend has sucked so far,[]
13,13,1,     jb isnt showing in australia any more!,[]
14,14,1,     ok thats it you win.,[]
15,15,1,    &lt;-------- This is the way i feel right now...,[]
16,16,1,"    awhhe man.... I'm completely useless rt now. Funny, all I can do is twitter. http://myloc.me/27HX",[]
17,17,0,    Feeling strangely fine. Now I'm gonna go listen to some Semisonic to celebrate,[]
18,18,1,    HUGE roll of thunder just now...SO scary!!!!,[]
19,19,1,    I just cut my beard off. It's only been growing for well over a year. I'm gonna start it over. @shaunamanu is happy in the meantime.,[]
20,20,1,    Very sad about Iran.,[]
21,21,1,    wompppp wompp,[]
22,22,0,    You're the only one who can see this cause no one else is following me this is for you because you're pretty awesome,[]
23,23,1,   &lt;---Sad level is 3. I was writing a massive blog tweet on Myspace and my comp shut down. Now it's all lost *lays in fetal position*,[]
24,24,1,   ...  Headed to Hospitol : Had to pull out of the Golf Tourny in 3rd place!!!!!!!!!!! I Think I Re-Ripped something !!! Yeah THAT !!,[]
25,25,1,   BoRinG   ): whats wrong with him??     Please tell me........   :-/,[]
26,26,1,   can't be bothered. i wish i could spend the rest of my life just sat here and going to gigs. seriously.,[]
27,27,1,"   Feeeling like shit right now. I really want to sleep, but nooo I have 3 hours of dancing and an art assignment to finish. ",[]
28,28,0,"   goodbye exams, HELLO ALCOHOL TONIGHT ",[]
29,29,1,   I didn't realize it was THAT deep. Geez give a girl a warning atleast!,[]
30,30,1,   I hate it when any athlete appears to tear an ACL on live television.,[]
31,31,1,   i miss you guys too     i think i'm wearing skinny jeans a cute sweater and heels   not really sure   what are you doing today,[]
32,32,1,  -- Meet your Meat http://bit.ly/15SSCI,[]
33,33,1,   My horsie is moving on Saturday morning.,[]
34,34,1,   No Sat off...Need to work 6 days a week ,[]
35,35,1,   Really Dont Like Doing my Room Its So Boring  Sick Of Doing My Wardrobe Out Cant Waiit Till I Have My Walk In One  Yay,[]
36,36,1,"   SOX!     Floyd was great, but relievers need a scolding!",[]
37,37,1,   times by like a million,[]
38,38,0,   uploading pictures on friendster ,[]
39,39,1,   what type of a spaz downloads a virus? my brother that's who :\ MSN is now fucked forever    :'(,[]
40,40,1,  &amp;&amp;Fightiin Wiit The Babes...,[]
41,41,0,  (: !!!!!! - so i wrote something last week. and i got a call from someone in the new york office... http://tumblr.com/xcn21w6o7,[]
42,42,1,  *enough said*,[]
43,43,0,"  ... Do I need to even say it?  Do I?  Well, here I go anyways:  CHRIS CORNELL IN CHICAGO!  ... TONIGHT!    ",[]
44,44,0,  ... health class (what a joke!),[]
45,45,0,  @ginaaa &lt;3 GO TO THE SHOW TONIGHT,[]
46,46,1,  @Spiral_galaxy @YMPtweet  it really makes me sad when i look at Muslims reality now,[]
47,47,1, - All Time Low shall be my motivation for the rest of the week.,[]
48,48,1,"  and the entertainment is over, someone complained properly..   @rupturerapture experimental you say? he should experiment with a melody",[]
49,49,1,  another year of Lakers .. That's neither magic nor fun ...,[]
50,50,1,  baddest day eveer. ,[]
51,51,0,  bathroom is clean..... now on to more enjoyable tasks......,[]
52,52,0,  boom boom pow,[]
53,53,1,  but i'm proud.,[]
54,54,1,  congrats to helio though,[]
55,55,1,  David must be hospitalized for five days end of July (palatine tonsils). I will probably never see Katie in concert. ,[]
56,56,1,  friends are leaving me 'cause of this stupid love  http://bit.ly/ZoxZC,[]
57,57,0,  go give ur mom a hug right now. http://bit.ly/azFwv,[]
58,58,0,  Going To See Harry Sunday Happiness ,[]
59,59,1,  Hand quilting it is then...,[]
60,60,1,  hate u ...  leysh t9ar5 ... =((((((( ..,[]
61,61,0,=-  I always get what I want,[]
62,62,0,  I bend backwards  ,[]
63,63,0,  i get off work sooooon! i miss cody booo. haven't seen him in foreverr!,[]
64,64,0,  I hate allergies. Should I get my hair cut tomorrow? I'm taking a public poll...,[]
65,65,1, - I love you guys so much that it hurts. http://tumblr.com/xkh1z19us,[]
66,66,1,  I miss Earl,[]
67,67,1,  I miss New Jersey,[]
68,68,1,"  I missed the first hour of SYTYCD last night, and I can't find it online!",[]
69,69,1,  I need a U2 fix NOW!,[]
70,70,1,  I never thought I'd become second choice...,[]
71,71,1,  I think I may be too friendly...lol... o well...,[]
72,72,1,  I think Manuel (my Basil plant) only has days to live   ,[]
73,73,1,  I wanna be at home @ church...I wonder wht they are doing?,[]
74,74,1,  i wanna make my own pizza,[]
75,75,1,"  i want a 120gb harddrive, or a 37 inch tv, or a new guitar.  anyonefeeling generous?  =p   x",[]
76,76,1,  i want a hug,[]
77,77,1,  I want Miley to tour Australia,[]
78,78,1,  I wanted to sleep in this morning but a mean kid through a popsicle stick at me head. I wish I could fly away like those squirrels,[]
79,79,1,  i was too slow to get $1 Up tix,[]
80,80,1,"  I will send sunshine to Northern Ireland, are you going swimming today @kezbat",[]
81,81,1,  I wish I could go to T4 On The Beach :'(    Would be great to see @Shontelle_Layne &amp; @DanMerriweather   ,[]
82,82,1,"  i would be so much happier if the walls of my bedroom were painted white,",[]
83,83,1,  idk wat 2 do who can i trust me im sorry 4 all da pain i have caused nebody ima take dis time out 2 straighten myself out i luv yall,[]
84,84,1,  I'm finding the intercept slope..and banging my head against the wall..Math brain heads come save me,[]
85,85,0,  I'm really going to bed now...,[]
86,86,1,  im sick  'cough cough',[]
87,87,1,  in cab headed to the airport!  going home.... &lt;christy&gt;,[]
88,88,1,  In case I feel emo in camp (feeling a wee bit of it alr)...am bringing in the Human Rights Watch World Report 2009..hope it'll work,[]
89,89,0,  Jin has a twitter.,[]
90,90,1,  jonas day is almost over... ,[]
91,91,1,  Jus Got Hom Fr. TDa Funeral... I'm So Sad! I Cried So Much Times! Much Love Grandpa!&lt;3 I Never Got To Say My Last &quot;Goodbye&quot; to Him.,[]
92,92,0,  just gonna smile...cuz it is what it is..and im not sure what more they could want..,[]
93,93,0,"  Just got home, and I got to see my friend Zahra whom I haven't seen since We graduated!!!  That makes me so happy.",[]
94,94,1, - Longest night ever.. ugh! http://tumblr.com/xwp1yxhi6,[]
95,95,1,  mi momacita won't let me go to my bf's bball game!!! grrr!!!,[]
96,96,1,  Mom says I have to get a new phone IMMEDIATELY....off to T-Mobile.  she paying....,[]
97,97,1,  My new car was stolen....by my mother who wanted to go pose at church.,[]
98,98,1,"  no hang out with the girls 2day. 2moro, hope so......",[]
99,99,1,  no movie times for sunday!  Rats will have to plan tomorrow. I guess this means I have to work on those two  presentations I am doing!,[]
100,100,1,  no pavel tonight &lt;Tigersfan &gt;,[]
101,101,1,  not a cool night.,[]
102,102,0,  oh thank you!,[]
103,103,0,  pleased,[]
104,104,1,  probably guna get off soon since no one is talkin no more,[]
105,105,1,  really wanted Safina to pull out a win &amp; to lose like that...,[]
106,106,1,"  RIP, David Eddings.",[]
107,107,0,  Rose and ood will be back in the Xmas Who special!  YAY!  Damn that's half a year away.,[]
108,108,1, - sannesias: Aww no neighbor! We need to watch Mean Girls :] http://tumblr.com/xv31s2pi8,[]
109,109,1,  so whats the status on next weekend,[]
110,110,1,  sorry @gigi4462 The Ex Husband has overdosed on his daily dose of haterade,[]
111,111,1,  Thanks for your definition of throwbie!  Editors reviewed your entry and have decided to not publish it.,[]
112,112,0,"  Thanks, I need all the help i can get.",[]
113,113,0, - that explains alot.,[]
114,114,0,  There's going to be a Heathers sequel.  Winona4ever!  They better not fuck it up.,[]
115,115,1,"  told not to drink w/my Rx so just gave all the b.b. porter &amp; obs. stout that I brought home from OR to my neighbors.  v, v, sad.",[]
116,116,0,  trae is so sweet! He just bought me a new baithing suit!! Wove him ,[]
117,117,0,"  True, highly subjective of me there. Tombre was actually my favorite character in the book. You got me  - http://is.gd/13be0 - Rishabh",[]
118,118,1,  u guys knw whyy,[]
119,119,1,  very much so ,[]
120,120,1,  waahhh now I'm getting sad....miss hub :-'(&quot;&quot;&quot;&quot;&quot;&quot;&quot;&quot;,[]
121,121,1,--  we were standing out in the pouring rain.. We were sitting on top of the world..  --   summer sucks      --,[]
122,122,1,"  Went to get dog from vets, theyve stitched her ear, charged us for it but she still bleeds like a waterfall everytime she moves. D: WHY!",[]
123,123,1,  where is my picture i feel naked ,[]
124,124,1,  Why aren't there any trains going to manchester on a sunday?!!  Now I can't go to the @jonasbrothers concert.,[]
125,125,1, - Why must people be so picky. I mean 6 hours work and no dice!? whatï¿½s up with that! http://tumblr.com/xsg1m3ufn,[]
126,126,1,  Why Twitter will soon become obsolete? http://www.imediaconnection.com/content/23465.asp,[]
127,127,0,  wide awake   NOT!!!,[]
128,128,0,  yeah me too. Its been awful weather here for the last week so that stinks. Kristis comin down and moe said mmmaybe he take us for  ...,[]
129,129,1, - You: hi Stranger: HELLO I AM FRANK LAMPARD HOW ARE YOU You: fine You: and urself Stranger: i am gay Your... http://tumblr.com/xaj24dkly,[]
130,130,1,  you'll always be my one and only...  [12*23*2007],[]
131,131,1, #3turnoffwords this shit sucks,[]
132,132,1, #asylm J2 panel is over. Guess it's back to normal life.,[]
133,133,0, #poemsunder140 ....started by @shannonelyse1,[]
134,134,1, #squarespace brighten my bad day! i never win anything...,[]
135,135,1," #Susan Boyle didnt win! mh well, diversity was very good though! CONGRATZ!!",[]
136,136,1, #twenty20,[]
137,137,0," &lt;--- That is all, and believe me.. it's enough!",[]
138,138,0, &lt;3 goooood timessss,[]
139,139,1, &lt;3 GrAdUaTE 09&lt;3,[]
140,140,1," &quot; Vandals paint swastikas on home of author of gay, lesbian church story : Naples Daily News&quot; ( http://bit.ly/11zyzl )",[]
141,141,1, &quot;An unknown error occured (-4)&quot;. uh oh. iPhone OS 3 fail so far ,[]
142,142,1, &quot;experts (homers) predict Eagles to go 12-4 and Giants to go 9-7/ BS! http://www.dailysportspages.com/forums/showthread.php?t=49343,[]
143,143,0, &quot;I know you hungry so lets go outside on the balcony so you can eat&quot;....,[]
144,144,1, &quot;I want you so bad it's driving me  mad&quot;,[]
145,145,0, &quot;The 10 Men a UK Female Internet Entrepreneur Should Know when Starting and Growing a Business : The Next Women&quot; ( http://tinyurl.com ...,[]
146,146,0, &quot;The truth is hiding in your eyes&quot; @patita @MissMarian  Paramore ï¿½ Decode @Daninho502  ? http://blip.fm/~5ytke,[]
147,147,1, &quot;Try to turn on my tv to get you out of my head. I've got this feeling inside that I just won't admit...&quot; (that is literally how I feel),[]
148,148,1," &quot;well, the truth is I miss you so&quot;- Coldplay",[]
149,149,1, (tears) :'-( Today is the last day with my kids...They go on summer break at their Dads tomorrow. *sighs* http://plurk.com/p/x8j86,[]
150,150,1, (unsure) (annoyed) http://plurk.com/p/1230lz,[]
151,151,1, (via @designrelated) are designed gallery exhibition postcards/mailers going extinct? via NYT http://ow.ly/fHJc,[]
152,152,1, *BeautifulyLost,[]
153,153,1,- *cries* I'm going to miss Harry Potter when it comes out.  I'm leaving to Vietnam on July 11th.  I'm going to cry!!,[]
154,154,0,-- *hummin* I SAY &quot;shut up &amp; put your money where your mouth is&quot; ...headin' out to reality. Cheers Twitter world! ,[]
155,155,0,-- . *sigh* You cant love someone that doesn't love you back that's like stalker status . GET a divorce &amp;&amp; move on . Trinity. ,[]
156,156,1," . . . . going back to bed, because I'm lookin' around and don't see a reason to be awake atm. Be up in a little.",[]
157,157,0,"-- . Aiqht Goodniqht . Tri, Neena, Malcolm, Chaise , JLew, ATL &lt;333 Love Much . ",[]
158,158,0,-- . Triiiiiii .  ily . even if Chaise doesn't . =D *dies of laughter*,[]
159,159,1, .. i wantt hiim soo badd !!,[]
160,160,1," .. watching tv , bed, shopping w. mom, out w. trent hopefully, i need my best friend",[]
161,161,1, ... had weird encounters with so many homeless/creeps on the walk home tonight all by myself   awesome... really...,[]
162,162,1, ... Rained out truck race,[]
163,163,1, ... Why am I feeling worse??? F!!!,[]
164,164,1, .... Feeling pain and happiness at the same time. How confusing!,[]
165,165,0, ..... hot choco is the best!,[]
166,166,1, ....in a shirt and panties. celulite,[]
167,167,1, ..had to turn back to North due to body on line. So missing Design Council Design 4 Tech Transfer event   http://bit.ly/pXrzV...,[]
168,168,1, ..y everything is so hard? :/,[]
169,169,1, .bueno good bye. good night,[]
170,170,0, : Beach day with Scoobs. =( : Still no phone.,[]
171,171,1," : Let's have fun,. When I give ya what I give ya.",[]
172,172,1, :[ I don't want to move!!!,[]
173,173,0," :-D ))))))))...WHAT AN AMAZING NIGHT,DAY &amp; NIGHT AGAIN!! HI TWITS! I MiSS U GUYS",[]
174,174,0, @ canaveral national  seashore,[]
175,175,0, @ progressing in the production department with &quot;The Uprizing&quot; thats the priority getting the head nodding beats and then we reach out,[]
176,176,0, @ taylorrhicks enjoy chicago..b new venue is always cool. You shine everywhere you go. I know who you are. In time so will everyone. ,[]
177,177,1, @ the train crash in DC .....,[]
178,178,0,' @ Thestreetforce  ',[]
179,179,0, @3sixty5days makes me smile.,[]
180,180,0," @adamisacson My first day off in 3 weeks, and my child got up before 7:00. So watch for me on &quot;Nancy Grac.. http://tr.im/khKW",[]
181,181,0," @adbert: &quot;#Video [Woody Woodpecker â The Barber of Seville] I am great, @klitoria, just wishing to be a ch... â« http://blip.fm/~7g6r0",[]
182,182,0, @alexrauchman I am happy you are staying around here. Drexel is a fabulous university. You should be proud. yeah.,[]
183,183,1, @alvinkschneider what happened to angels and demons and lions and tigers and bears!?,[]
184,184,1, @AmericanWomannn Well that sure minimizes the impact...LOL,[]
185,185,0," @ange_black @sween I call dibs on the Voltron arm. No the leg. Wait. Where are my manners? @baileygenine,.. http://tr.im/oERy",[]
186,186,0, @CharlottegC I just saw ur mum,[]
187,187,0, @chloelunn and @meganmcdowell GET YOUR FAT ASSES ON HERE. NAI.,[]
188,188,0,"- @codinghorror See, three external monitors on one laptop, http://www.twitpic.com/6e3zp Win7RC  1 x 1920x1080, 2 x 1280x1024",[]
189,189,0, @copicmarker&quot; facebook.com/copic.marker if you're cool. Or if you're not cool. Maybe I'll send some cool .. http://tr.im/oyT7,[]
190,190,0,' @crewislife  you want to start the morning later; in New York we can do that  (Californians have it even better),[]
191,191,0, @cybervenus http://twitpic.com/75kwb ~ LOL LuV IT! &gt;&gt; http://twitpic.com/75hsg Did any1 find or c 1? #a.. http://bit.ly/mUMFh,[]
192,192,0, @dandelionas is making fettucini and garlic bread!,[]
193,193,0, @danregal  tell @pfont i said Happy BDay!! ,[]
194,194,1,"- @Darcy_Lussier @lkrammes I went to work once last year with no pants. Ironically, that was my last day of work at that job. FML ",[]
195,195,0," @DirtyRose17  told you, you would sweep haha :-p",[]
196,196,1, @dreamingspires. there r many gr8 science cartoons http://bit.ly/6EW4Q http://bit.ly/gXH3q http://bit.ly/18sjXI http://bit.ly/KEAy2,[]
197,197,1,- @Em91 Edinburgh fringe is only 10 weeks away?! I need monies  Btw I'm Elliott from @angryfeet - blame @howlieT for the Twitter intrusion,[]
198,198,1," @emilymariie why didnt you come to school?? have you done the short stack thing by yourself, or do you still need me?",[]
199,199,1,"- @EvertB which one? http://bit.ly/10o8LW, http://bit.ly/Nh82S or http://bit.ly/wr8Vz - latter for the US Store only  #iphone #comics",[]
200,200,1, @georgediaz #Magic ..thinking less than 50 % chance Hedo stays in Orlando. He's gonna go for the $$. They all do. Can't blame him though.,[]
201,201,1, @Glamicole ..now who wud make this beautiful plc cry?,[]
202,202,1, @HaterMagazine: @damienrandle it is now the outer fat kid.,[]
203,203,0,"- @haugern The servers are now backup, if you experience any more problems then please let me know  Sorry about the delay...",[]
204,204,0," @hawaiibuzz: &quot;yes, i am lol j/k luv this! @DJDolceVita: &quot;you are like a gentle breeze that has blown throug... â« http://blip.fm/~7s7mn",[]
205,205,1," @hellopnsdear se MORREA a mi Joseph, no no se vale.",[]
206,206,0, @hidingesther @linininiooh are my future rooooooooomies! NYC holleR,[]
207,207,0, @Hijack_King7 I hope u have cheeSe burgerS 4 @Snubbmatic LMBO,[]
208,208,0, @iamyas awesome,[]
209,209,0, @ivegotzooms I am nothing of the kind and everything of the sort http://tr.im/mLsn,[]
210,210,0,- @jerrybattiste &quot;..pick up some flowers for the teacher..&quot; I'm jealous! I want flowers without having to be in the hospital to get them! ,[]
211,211,0,- @joaoqalves Think again   Talvez seja do Ãªnfase na cifra. Mas atenÃ§Ã£o: &quot;Security is a chain; it's as strong as the weakest link â¦,[]
212,212,1, @jonasbrothers Why is your YouTube account suspended? lol Single Ladies dance? I NEED TO WATCH IT AGAIN!,[]
213,213,1,- @JuicyJones I know.. SOLD OUT though. ,[]
214,214,0,- @kaitymarine - watch E3 @MCMudkips - Will do ,[]
215,215,0,- @katherineholden Thanks K! Here's hoping! Pretty nervous though... ,[]
216,216,1, @katiedontcry should get on aim and talk to me. i miss her.,[]
217,217,0, @kcome ?????????????????????????????????? ????????????1000 Followers???????????? http://tr.im/mWKn,[]
218,218,0," @khead I'll tell ya, grocery store. It was better when you blasted the oldies. Sugar Ray does not make me.. http://tr.im/jd0y",[]
219,219,1, @kvetchingeditor's kashrut convo makes me want to keep more kosher but my roomies catholic &amp; he has a pork loin in the fridge #kosherFAIL,[]
220,220,1, @Leloz isn't home neither is @sozi1 ... @althani96 U BETTER HAVE IT!!!,[]
221,221,0," @LHSOPERAFIENDS yall bitches better wake up early to go to the LA Opera, kay!?",[]
222,222,1,"- @littlecharva - I'm immune to dentists' drills etc now, it just doesn't bother me at all. Having gum lift surgery next week tho *eek* ",[]
223,223,1, @lolife4life where r u tonite im still awake!,[]
224,224,1, @lorinimus hates Bebot App,[]
225,225,0," @masareus&quot; @dhempe congrats bhai, but like the oldies in &gt; used to say - arre bhai kuch kam ka http://tr.im/ox5G",[]
226,226,0, @MelodyChase,[]
227,227,0, @mgph3nom chilling on twitter via my spanking new blackberry w/ unlimited internet : http://tr.im/mZVC,[]
228,228,0, @michaelsarver so do you give him every inch of your love every night?,[]
229,229,0, @mimbles @WParenthetical,[]
230,230,0,' @minghao Maybe you can pop @StarHubCares a tweet. They are quite active on twitter. ,[]
231,231,0," @MsNovember It's a shame all the women in Mamma Mia are so horny, since all the men on this island are so.. http://tr.im/kmET",[]
232,232,0,- @nibaq Thanks for letting me know. I'm going to check out Eureka later with this knowledge ,[]
233,233,1, @Oneshine What are u referring to?,[]
234,234,1, @plmusic22,[]
235,235,0,"- @PoisonGirl10 What's up? @sevgli Hey you!  @lowridergrl I'm doing ok, thx. You? @cristinerafae You, too! TTYL! @Nic0pic0 Oh, sowwy! lol",[]
236,236,0, @RAPPUBLICIST HAPPY MOTHERS DAY!,[]
237,237,0,"- @raybooysen I knew Sharepoint was written by interns, I just knew it !! ",[]
238,238,1,                                     I miss her so much already...,[]
239,239,1,               just practising.....how I feel       ,[]
240,240,1,            Miss my love Jamie,[]
241,241,1,          FUCK YOU!,[]
242,242,1,        my head feels like a bowling ball,[]
243,243,1,        my heart hurts badly...,[]
244,244,1,       FS keeps crashing when I try to load Bungie plane.,[]
245,245,1,      My current headset is on its deathbed now!  My dad gave it to me just 3 weeks back!    ,[]
246,246,1,     ....    My mood is currently BLAH . Sitting in a parking lot,[]
247,247,0,     I am happy     ,[]
248,248,1,    ...that is all.,[]
249,249,1,    everyone went home. and not everyone was even here! ~CMF &lt;3,[]
250,250,1,    fed up....,[]
251,251,1,"    fuck, fuck, fuuuuck!",[]
252,252,1,"    Not feeling it today     And to make matters worst its super nasty and rainy outside, YUCK!",[]
253,253,1,   @Beansummer,[]
254,254,1,"   Awwwwwh  i wanted Aiden Davis 2 WIN, i &lt;3 him so bummed he didnt ",[]
255,255,1,   bed time now....,[]
256,256,0,   Faltam 4 dias para o World Drawing day,[]
257,257,1,"   Friends like these ... no thanks, I'm not fake! ^ ^",[]
258,258,0,   haha omg. stayin steezy &amp; mowin the lawn... loviie still here &amp;&amp; goiing tanning soon.,[]
259,259,1,   i think my bf is cheating on me!!!!     ,[]
260,260,0,   i wanna play with my camera but i will settle for playing with iv's and heart monitors,[]
261,261,1,   i want an octo drive,[]
262,262,1,"   I want to display my pretty voltron!  Upside, I get two pretty voltrons!",[]
263,263,1,   i want to find a way to put my photos on phone here i have Bluetooth in both phone and computer but it doesn't work,[]
264,264,1,   IN an effort to bring you the best content we just added at lease 30 hours to the release of The digital Rapture.  soon... hang tight,[]
265,265,1,  --- is our response to what happened today. and that is all.,[]
266,266,1,"   J, you are right... it hurts.",[]
267,267,1,"   kinda but not really, but kinda ",[]
268,268,1,"   let's have a moment of silence for our childhood homes... sadly, it can't be replaced and we can never go back",[]
269,269,0,   lol all these #robotpickuplines are hilarious ,[]
270,270,0,"   man, oh man     (i should punch myself in the head, but im ok with that)",[]
271,271,0,"   my friends can get with ur friends and we can all b friends, shit, we could do this every weeknd.. Aiigght?  with coop n the crew",[]
272,272,1,"   No man is worth your tears, and the one that is won't make you cry!",[]
273,273,1,   rain rain go away!,[]
274,274,1,   storms are scary!,[]
275,275,0,   such a beautiful satisfying day of bargain shopping. loves it.,[]
276,276,1,   Tell those girls your clocking out lol,[]
277,277,0,   thank god today is friday !!! I love Ti Ti! &lt;3,[]
278,278,1,   the batt to my internet connection died.  Guess its back to the mobile!,[]
279,279,0,   thrilled about being at work this morning   ,[]
280,280,0,   we break dance not hearts by Short Stack is my ringtone.... i LOVE that song!!!.....,[]
281,281,1,   www.apple.com/iphone now has it for the 18th   ,[]
282,282,1,  #squarespace #trackle  no apple iphone card for us  maybe tomorrow! I guess it helps if you tweet it huh?  We forgot ,[]
283,283,1,  (unsure)  (hassle)  (:  (music) http://plurk.com/p/yq08l,[]
284,284,1,                                           exhausted,[]
285,285,1,          i want some ben&amp;jerrys cake batter please ugh,[]
286,286,0,          my life is very lazzzzyyyy!!!!!!!            ***********,[]
287,287,1,"        wish ella was on or somebody,,,,",[]
288,288,0,       ish in a good mood .....tlk to me,[]
289,289,1,      i think i'm going to go 3 a long drive then when i get to the pacific ocean open my car door and throw my pc in the ocean,[]
290,290,1,      what the hell BBC?,[]
291,291,1,     #canucks,[]
292,292,1,     I dont like this weekend.. Huhuhu ( (,[]
293,293,1,     I'll get on it right away!,[]
294,294,0,-     J + A MADE NiCE..... TWiCE!                     for now ;],[]
295,295,0,     loves life atm!   its brilliant XD,[]
296,296,0,     who else is in a happy mood?? =D,[]
297,297,0,    !BYE EVERYONE!   ,[]
298,298,1,    ...lonely night,[]
299,299,1,    blue does not work      ,[]
300,300,1,    geez I'm feeling their pain,[]
301,301,1,    i miss my summertime daley.,[]
302,302,1,"    on the computer ... . . . . . . *ill*    lol,       no fuckin goin to portugal        ",[]
303,303,0,    SO FAR SO GOOD!,[]
304,304,0,    TODAY WAS A GREAT DAY!!!,[]
305,305,1,    UGHHHHHHHHHHHHHHHHHHHHHHHHHHHHH,[]
306,306,1,   #Battleground,[]
307,307,0,"   a lot, a lot, a lot, a lot, a lot, a lot, a lot, a lot, a lot, a lot, a lot, a lot.",[]
308,308,1,   Awwwwwh  i wanted Aiden Davis 2 WIN  i &lt;3 him so bummed he didnt ,[]
309,309,1,   Curtain drops at the Crown Uptown after 32 ye http://www.kansas.com/news/featured/story/860875.html,[]
310,310,1,   eh  must leave New Mexico and soon!,[]
311,311,1,   fail maths  i knew it i was just too slow ,[]
312,312,1,"   From Gongwer OH Report, sounds like leadership still considering library cuts, not considering tax increases. #saveohiolibraries",[]
313,313,1,   fuck sake. Why can things never work out for me?,[]
314,314,1,"-   going in town todaÑ with mÑ cousinnn, [Ñ]     netball match was cancelledd ",[]
315,315,1,   hoping to see my baby girl,[]
316,316,1,   i don't even know.,[]
317,317,1,   I just lost a member of my family ,[]
318,318,1,   I'm SICK of bedtime battles   ,[]
319,319,1,   i'm so cold this morning......       i have chills all over.....   ,[]
320,320,1,   Just... ,[]
321,321,1,   No no no. Tonight goes on the books as the worst SYTYCD results show.,[]
322,322,1,   no shopping   ,[]
323,323,1,"  - Poor lil mousey, just out enjoying the sunny day. I don't think I'd feel so bad if it was a big gnarly rat though. Dbl standard? Yep.",[]
324,324,1,  -- that's an EPIC sad face.,[]
325,325,1,   This magazine story just broke my heart at the dentist's office today:  http://tinyurl.com/ngbq2c,[]
326,326,0,   Tiger Woods is up by 2at 18 via http://nascar.com/racebuddy,[]
327,327,1,   wanna go meet wifey but can't....  this sux   :'(,[]
328,328,1,   Wondering why I feel like I do...I'll feel better though...Its all good! I'll be happy inspite of...Tweet ya lata ,[]
329,329,0,"   yippeeeee yay lets gather in the hay...HIS LOVE FOUND IT'S WAY+ boy,it's Gonna STAY added 2 the Master's HOLY WAY: ALL HIS WILL+WAY",[]
330,330,1,  #IranElection - no one realizes how deep this goes.,[]
331,331,1,  &gt;. Bodies from Air France crash have been found  http://twurl.nl/dvu8be (via @Paisano ),[]
332,332,1,"  &lt; that is the story of my life, a whole bunch of frownies!",[]
333,333,1,               I HAVE NOOOOOOOOOO FRIENDS ON TWITTER IT MAKES ME SAD WILL SOMEONE FOLLOW ME      ,[]
334,334,1,             i just want to hear from you. i guess that's asking too much..,[]
335,335,0,       Hardest working chica i know( mii boss lady) @MoneyAceweather (look up to her seriously) lOl,[]
336,336,1,       i really2 don't like this condition. sucksssssss,[]
337,337,1,"       Orlando Lost  The Series. Oh Well, Maybe Phoenix, Or Boston, Or Cleveland (The Teams I Like) Will Make It Next Year!",[]
338,338,1,      rinitis sucks!!!!!,[]
339,339,0,      thanks for being the bestttttttttttttttttttt J-dawg,[]
340,340,1,     &gt;( &gt;(  i'm mad and sad right now. Played so terrible today in both soccer and basketball.,[]
341,341,1,     &lt;- but mustache man is not that desperate,[]
342,342,1,     &lt;--------- my face because i'm missing zoro tonight.,[]
343,343,1,     @riceuniversiity I know huh @Kouture85 Im bout to cry@Ahmier thanks Marco! *muah*,[]
344,344,1,     angry,[]
345,345,0,     praise God for this beautiful day!!!     ,[]
346,346,1,     sry matt 2 hear that (,[]
347,347,1,     what the fucccckkkkkkkkkk,[]
348,348,1,    Bye World!!!!!!,[]
349,349,1,    i couldnt even have one fairytale night,[]
350,350,1,    I'll be working when Pottercast/Lupins/Willows come near me.  FAIL.,[]
351,351,1,"    My cell phone screen is dead.  Sooooooooooo, no texts and I don't know who's calling.  Fuuuuuuuuuuuuuuuuuuuuuuuuuuuuuuuuuuuuuuuuuuuck",[]
352,352,1,"    NO MORE SICKNESS. strike i say STRIKE! ohhhh well, 'nother day off school i guess",[]
353,353,1,    Nobody likes Year One in the reviews I've read. I'm disappointed. But maybe now I'll like it more since I'm not expecting much..,[]
354,354,1,   (must i say more?),[]
355,355,1,   *old me's dead and gone*,[]
356,356,1,   ... have to go now ??? 13 more minutes   ... please please please,[]
357,357,0,   @Lakers!! I love you guyssss! Those rings.. Mmmyeahh! Bling blingg,[]
358,358,0,   @PERFEKTnCHANCE (Chance) is Boo #29,[]
359,359,0,   @Standing_Stones  Thank you very much for the DVD suggestion!  Very nice of you!  Looks good.,[]
360,360,1,   awwwww i really hate this.,[]
361,361,1,   bad day.,[]
362,362,1,   bad day.....damn you @311. What kind of ticket sale was that.....,[]
363,363,1,   Boston Globe could be shut down in 60 days http://sbne.ws/r/vWc,[]
364,364,1,   bye guys!!!! i'ma miss ya'll sooo sooo much! but don't worry i'll be back on monday!!! have an awesome weekend!!! peace!!!!,[]
365,365,1,   can i have some followers :' ( ... i'm so sad...    NOW THAT I'M LOSING HOPE -pressure,[]
366,366,1,   Couldn't bless'd da mic w/ my bra's in music 2day @ERiceOnTheBeat @moneybagzfam1st @circustk,[]
367,367,1,   CRY CRY CRY   ,[]
368,368,1,   F**kn day...,[]
369,369,1,   Goodnight   ,[]
370,370,1,   grandma is very sick. not doing well. going to the emergency room.,[]
371,371,0,   had a WONDERFUL day  G_D is GRRRRRRRRREAT!!!!!     ,[]
372,372,1,   I am going to shed tears if the Cavs have to go home tonight. Like seriously,[]
373,373,1,   i am soooo sad...at this point of night i'd be cuddling with jonathan like i did for 4 years,[]
374,374,1,   I hate you forever.,[]
375,375,0,   I have passed 70-542 exam today   ,[]
376,376,1,   i missed it,[]
377,377,1,   i still Feel like a Douchebag,[]
378,378,0,   I want to write a song. I think I will.,[]
379,379,0,- @serialseb Always thought time estimates should use 'value of Pi rule' (x 3.14). Only exception being 'Pi squared rule'. ,[]
380,380,0, @SirKenRobinson Creativity via Twitter http://bit.ly/HVTHS,[]
381,381,0,"- @SlashHudson you tease, i wanna hear the tracks!! ",[]
382,382,1, @sommacolada never answering my im's,[]
383,383,0, @soultravelers3 http://bit.ly/H9Nqe  15 TravelTips 4 student safety in roughplaces,[]
384,384,1, @squarespace it's now fathers day and you haven't picked me...yet. I kind of want to incessantly bother you...#squarespace,[]
385,385,0, @SRenaeNae... What is 'FML',[]
386,386,0, @sweetlilmzmia: &quot;Gotta LOVE Blip.fm - John Mayer Trio - CALIFORNIA DREAMIN' as heard on Conan 06/04/2009 ---... â« http://blip.fm/~7qdf0,[]
387,387,0, @Thatsrightnate ~ Just in case you need some help w that:  http://bit.ly/12nP1H,[]
388,388,0, @THEDIAMONDCOACH  Im sure he'd love that LOL,[]
389,389,0, @theenglishmuse on &quot;Karl Lagerfeld&quot; 's Twitter profile(s) lol!  Heart the first pic http://tinyurl.com/cbl6tm,[]
390,390,1, @TheIanCrawford is no longer in the Cab. To say I'm heartbroken is an understatement... good luck with everything! you're amazing ian.,[]
391,391,1, @va_songstress broke my twitter..,[]
392,392,1, @warbo is off clubbing... must come over to sheffield sometime &amp; party but really probably shouldn't atm. a tech conference is a conf etc,[]
393,393,0," @weselec My avatar can't figure out what you people are, either. http://tr.im/jj70",[]
394,394,1, @xxkirahxx is fulfilling my life's ambition 2 go 2 a Jonas Brothers concert + I went 2 HMV and the new album is already sold out! Why me?,[]
395,395,0," @yhf What happened to movies, anyway? It's like Hollywood forgot: in rough times, the public wants to see.. http://tr.im/mZ8l",[]
396,396,1, @zochula just yelled at me for picking apple store over food.,[]
397,397,0, @ZOEBOE: &quot;whoops credit is due to   &gt;&gt;&gt;rb@MusicIsMySunshine:  &quot; ? http://blip.fm/~7d4pk,[]
398,398,0, =&gt; How not to exit a Cessna 206 #skydiving http://bit.ly/16ZZJ7,[]
399,399,1, 1 of me cats kittens died only 3 days old too..RIP ming.,[]
400,400,1, 1 week before the palm pre comes out and my centro dies. I have a temp phone but my contacts aren't transfered yet. #sadpanda #fb,[]
401,401,0,"- 20 chicken mcnuggets, 2 double cheeseburgers, large fries, and a lemonade for dinner. Why you may ask? Because I hate my body. ",[]
402,402,1, 3 hrs on da phone...lol dude is hilarious,[]
403,403,0,- 400th tweet (!) breakfast: everything bagel toasted w/cream cheese with an iced cap... delish ,[]
404,404,1, 5 gb of video to upload to utube :O dam sony vegas making it so big ,[]
405,405,1, 50% of the new footwear labeling norm is definitions that are never referred to in the document. Who wrote this up?,[]
406,406,1, a big angry spider was crawling in my blankeys  i flicked it to the floor and cant sleep now,[]
407,407,0, A blessed sunday everyone!,[]
408,408,1,=- A couple years of sickness all piled up to this one day,[]
409,409,0, A dog riding the bicycle http://bit.ly/gvMzD,[]
410,410,1," a fly just landed in my green chile stew. i've never been big on killing bugs, but this asshole asked for it. There goes my appetite",[]
411,411,0, A problem shared is a buck passed,[]
412,412,1, A_ just got the same handshake in her meeting. Vibe here sucks,[]
413,413,0, à¸à¸¹à¹?à¸à¹à¸à¹ hitech,[]
414,414,1,  (Jonah:whats a tweet!?) SHARON!!!!!!!!!!!!,[]
415,415,1,  alice is beating be at my scooby doo board game!,[]
416,416,0,  am quite tired can't wait till wwe at burswood &lt;3,[]
417,417,1,  anyone have any advice on how to cope with a break up?,[]
418,418,1,"  arrrrrrrgggggggghhhhhhhh!!!!!!!!!!  that's it, all lines of communications are temporarily suspended! ",[]
419,419,0,"=-  awake, and ready for the day",[]
420,420,0,  Being NASTY in the studio with my woman!!!  Go SLEEPIES!!!,[]
421,421,1,  but i understand.,[]
422,422,1,  cars being inspected today gonna cost me over 600 dollars ,[]
423,423,1,  e is OUT!,[]
424,424,1,  everythings wrong.,[]
425,425,1,  Exercise 2 build muscle mass is only thing that speeds metabolism: http://tinyurl.com/bvagbj,[]
426,426,0,  feeling ok for the first time in a few days. thank you!,[]
427,427,0,"  found a new way to text him, yey!",[]
428,428,1,  friends dying is just horrible.,[]
429,429,0,  going for a paddle 2moz ,[]
430,430,0,  Good Nite.  I hope Grandma visits my dreams again tonight.  Last Night was uplifting...  I miss her.,[]
431,431,0,  Goodbassplayer... that is funny.... ;)  OilIPO.... I hope the people that will bring us good things are started early this week... ,[]
432,432,1,  He was the best there.,[]
433,433,1,  Hungover........ and craving chocolate! OMG how funny was the pub last night!! LOL,[]
434,434,1,  I dont want my sister to leave me for the whole summer!,[]
435,435,1,  i hope everyone is at church so i can just go to my concert in peace on wed.  dont have to worry about rushing back to church to visit,[]
436,436,1, - i just spilt the last of my jordans cereal on the floor iâm distraught http://tumblr.com/xxw2329lh,[]
437,437,1,  I miss my family and friends.,[]
438,438,1,  I see I missed the nectar sucking dirty talk ;),[]
439,439,1,  I want a freaking puppy now! A cute little black yorkshire terrier.,[]
440,440,1, - I want irissa back http://tumblr.com/xpn1wrj48,[]
441,441,1,  I'm glad diversity got through...but what about stavros!  ,[]
442,442,0,  I'm here to tell ya ... very yummy.  Decided to go on a hunt for blender drinks ... know any good ones?,[]
443,443,1,  I'm out of Nutella  ,[]
444,444,1,  is it rlly tht serious? I'm abt to go thru my fonebook...,[]
445,445,0,  is listenin to my new fav band more amor,[]
446,446,1,  it is on environmental studies and driving me mental,[]
447,447,1,  I've always seen bits &amp; pieces of Shottas. now I've seen the whole movie...it ends sooooo sad   I'm gonna cry.  ,[]
448,448,0,  Just another day in paradise. ;),[]
449,449,1,  Just found a bone in my chicken nugget    Not cool,[]
450,450,1," - Like I said, my back still fucking hurts and Iâm going to complain about it like no oneâs business.... http://tumblr.com/x6n25amd5",[]
451,451,0,  love you! &lt;333,[]
452,452,1,  my aunties dog is getting put down  hes my dogs brother aswell ,[]
453,453,1," - my head feels like its going to explode - mmm, what a horrendous image... the mess!",[]
454,454,1,  my head is killing meee,[]
455,455,1," - My name is Amy. Iï¿½m only three My eyes are swollen I cannot see, I must be stupid, I must be bad What... http://tumblr.com/xfj1uain0",[]
456,456,1," - my picture with Kris Karmada is gone forever, its not in my comments, on my mysapce or on my... http://tumblr.com/xzg1wy4jj",[]
457,457,1, Â«Confirmed: Missing Air France Flight 447 has Crashed in the AtlanticÂ»: http://bit.ly/BxdVL,[]
458,458,1, about 1/4 of my myspace comments are gone. cause someone hacked onto wills account. and kept abusing others so he had to delete it.,[]
459,459,1, about school....... it will all be over soon can't wait to celebrate            STRES till then,[]
460,460,0,- about to pop in a movie &amp; chill a bit... get it innnnn.! call n text ,[]
461,461,0,=- about to swim,[]
462,462,1, abt missing Air France plane. Follow here for best air news source:  http://tinyurl.com/m2p6yk,[]
463,463,1, AFI are not at reading til sunday this sucks !!!!!!!!!,[]
464,464,1," after a crap night was looking forward to being cheered up, but no. Never mind.",[]
465,465,1, ah the postman didn't have my package. What am I goon to do for the rest of the day.....,[]
466,466,0, ahh school on monday!!!! not ready,[]
467,467,0," ahhh. Drizzy. Mr. Rogers, you are indeed the best.",[]
468,468,1," Airport Express doesn't rock enough to allow wireless scanning with the Canon pixma MX310, but otherwise it's wireless goodness.",[]
469,469,1," Alistair's friends are all in the kitchen and I'm in my pjs...I JUST WANT A CUP OF TEA, DAMMIT!",[]
470,470,1, all day.. no play.,[]
471,471,1, all dressed up and no bicyclist for Monday nite ride n Henderson KY http://bit.ly/10H4ne,[]
472,472,1, all I want is my ma in my arms  that's all I want is you in my arms,[]
473,473,1, all my friends are gone haley n katie @ camp Paris @ moms Landin n Ayonna @ aunts n moms im so bored,[]
474,474,1, all nighter. yeeeeeeeeeeeessshhhh what a nightmare up coming 2 weeks. cannot wait to graduate!,[]
475,475,0, All the small things...,[]
476,476,1," All those Non-Robsten posts are making me sad. I mean, I knew that, but to see it from others in words. So sad.",[]
477,477,1, allison didnt win. She should have.,[]
478,478,1, almost time to leave.,[]
479,479,1, already getting sleepy...I really want to get my psych quizzes done tonight...,[]
480,480,0,- always a nice thing to wake up to. yay. :p (gosh I'm such a typical lame overanalyzing teenager) lmao  / had a nice nap.,[]
481,481,0, am excited,[]
482,482,0, Am feelin very happy!? ,[]
483,483,0, Am I feeding the Pig'?,[]
484,484,1," am i losing my mind cause i wanna see my.TC on TV right now, this min? FU2 i want 2see CandyGirls!! not Daisy -dammit!! @iluvTerricka",[]
485,485,1, am sad to say i didn't get my results today somehow the school forgot to mail my results to me?? Typical. Ugh,[]
486,486,0,-- An alarm clock is a device for waking up people who do not have small children. --- ,[]
487,487,1, And how can you mend a broken heart?   â« http://blip.fm/~8k7kl,[]
488,488,1, and I think that's why I felt really sick and depressed in school today cuz of all the stress.. I'm glad I got that off my chest :/,[]
489,489,1, and i was just starting to get confident in myself! you have torn me down!,[]
490,490,0, anoron.reedcourty.operaunite.com/webserver/content/ home.sch alternatÃ­va ,[]
491,491,1, another 45 mins....,[]
492,492,1, another early day,[]
493,493,1, another father's day weekend I don't get to spend with my dad..,[]
494,494,0, Another Friday night of Rock Band,[]
495,495,1, anticipating a tough day ahead,[]
496,496,1, anyone know if Ghostbusters is region free on 360?? and where to get a US copy in Britain if it is,[]
497,497,0,  : D a million making a difference. I can't help but to believe. I came in believing &amp; I will leave believing GOD IS!,[]
498,498,1, - ?oVe&lt;33,[]
499,499,1,  6:30...what's wrong wit it?,[]
